# grep -A 1000 "Sample_ID,Sample_Name,Sample_Plate" TSO500_NextSeq_SampleSheetTemplate_UDP.csv | awk 'BEGIN {FS=","; OFS="\t"} ; {print $5,$6,$7}' > TSO500_NextSeq_SampleSheetTemplate_indexes.tsv
Index_ID	index	index2
UDP0001	GAACTGAGCG	CGCTCCACGA
UDP0002	AGGTCAGATA	TATCTTGTAG
UDP0003	CGTCTCATAT	AGCTACTATA
UDP0004	ATTCCATAAG	CCACCAGGCA
UDP0005	GACGAGATTA	AGGATAATGT
UDP0006	AACATCGCGC	ACAAGTGGAC
UDP0007	CTAGTGCTCT	TACTGTTCCA
UDP0008	GATCAAGGCA	ATTAACAAGG
UDP0009	GACTGAGTAG	CACTATCAAC
UDP0010	AGTCAGACGA	TGTCGCTGGT
UDP0011	CCGTATGTTC	ACAGTGTATG
UDP0012	GAGTCATAGG	AGCGCCACAC
UDP0013	CTTGCCATTA	CCTTCGTGAT
UDP0014	GAAGCGGCAC	AGTAGAGCCG
UDP0015	TCCATTGCCG	TCGTGCATTC
UDP0016	CGGTTACGGC	CTATAGTCTT
UDP0017	GAGAATGGTT	TTGCTGCCGA
UDP0018	AGAGGCAACC	CCATCATTAG
UDP0019	CCATCATTAG	AGAGGCAACC
UDP0020	GATAGGCCGA	GCCATGTGCG
UDP0021	ATGGTTGACT	AGGACAGGCC
UDP0022	TATTGCGCTC	CCTAACACAG
UDP0023	ACGCCTTGTT	ACGTTCCTTA
UDP0024	TTCTACATAC	TTACAGTTAG
UDP0025	AACCATAGAA	CCATCTCGCC
UDP0026	GGTTGCGAGG	TTGCTCTATT
UDP0027	TAAGCATCCA	AATGGATTGA
UDP0028	ACCACGACAT	CCGCATACGA
UDP0029	GCCGCACTCT	CGAGGTCGGA
UDP0030	CCACCAGGCA	ATTCCATAAG
UDP0031	GTGACACGCA	GTCCGTAAGC
UDP0032	ACAGTGTATG	CCGTATGTTC
UDP0033	TGATTATACG	TGTAATCGAC
UDP0034	CAGCCGCGTA	CACGGCTAGT
UDP0035	GGTAACTCGC	TCACCAACTT
UDP0036	ACCGGCCGTA	AATATTGCCA
UDP0037	TGTAATCGAC	CGCGGTGATC
UDP0038	GTGCAGACAG	ACGGATGGTA
UDP0039	CAATCGGCTG	TTCCTACAGC
UDP0040	TATGTAGTCA	CATTAGTGCG
UDP0041	ACTCGGCAAT	TTCAGTTGTC
UDP0042	GTCTAATGGC	CCTGACCACT
UDP0043	CCATCTCGCC	AACCATAGAA
UDP0044	CTGCGAGCCA	TGGCCGGATT
UDP0045	CGTTATTCTA	AACCTTATGG
UDP0046	AGATCCATTA	TGGTAGAGAT
UDP0047	GTCCTGGATA	TTCGCCACCG
UDP0048	CAGTGGCACT	CCTATTGTTA
UDP0049	AGTGTTGCAC	CGTGTACCAG
UDP0050	GACACCATGT	TACACGTTGA
UDP0051	CCTGTCTGTC	TCACAACAGT
UDP0052	TGATGTAAGA	AAGGACGCAC
UDP0053	GGAATTGTAA	AGGATGTGCT
UDP0054	GCATAAGCTT	TGCGACGGAA
UDP0055	CTGAGGAATA	AGTGGTTAAG
UDP0056	AACGCACGAG	TATCCGAGGC
UDP0057	TCTATCCTAA	CCAGTCGACG
UDP0058	CTCGCTTCGG	TTGACTAGTA
UDP0059	CTGTTGGTCC	AACGGTCTAT
UDP0060	TTACCTGGAA	CTGGAACTGT
UDP0061	TGGCTAATCA	CTACATGCCT
UDP0062	AACACTGTTA	TGAGACTTGC
UDP0063	ATTGCGCGGT	GCGGAGCCAA
UDP0064	TGGCGCGAAC	AGTATCAGTT
UDP0065	TAATGTGTCT	TATGCCTTAC
UDP0066	ATACCAACGC	CGCAGCAATT
UDP0067	AGGATGTGCT	GGAATTGTAA
UDP0068	CACGGAACAA	GTGCTAGGTT
UDP0069	TGGAGTACTT	TCCACACAGA
UDP0070	GTATTGACGT	TTGGAATTCC
UDP0071	CTTGTACACC	AAGCGCGCTT
UDP0072	ACACAGGTGG	ACAACGCTCA
UDP0073	CCTGCGGAAC	AGCCTATGAT
UDP0074	TTCATAAGGT	CCTTCTAACA
UDP0075	CTCTGCAGCG	TACATCCATC
UDP0076	CTGACTCTAC	TGACGGCCGT
UDP0077	TCTGGTATCC	GTAAGCAACG
UDP0078	CATTAGTGCG	TATGTAGTCA
UDP0079	ACGGTCAGGA	AACGAGGCCG
UDP0080	GGCAAGCCAG	CGGATGCTTG
UDP0081	TGTCGCTGGT	AGTCAGACGA
UDP0082	ACCGTTACAA	TCGCTATGAG
UDP0083	TATGCCTTAC	TAATGTGTCT
UDP0084	ACAAGTGGAC	AACATCGCGC
UDP0085	TGGTACCTAA	AGTACTCATG
UDP0086	TTGGAATTCC	GTATTGACGT
UDP0087	CCTCTACATG	AGGAGGTATC
UDP0088	GGAGCGTGTA	ACTTACGGAT
UDP0089	GTCCGTAAGC	AAGATACACG
UDP0090	ACTTCAAGCG	TTCATGGTTC
UDP0091	TCAGAAGGCG	TATGATGGCC
UDP0092	GCGTTGGTAT	GGAAGTATGT
UDP0093	ACATATCCAG	ATTGCACATA
UDP0094	TCATAGATTG	CACCTTAATC
UDP0095	GTATTCCACC	TTGTCTACAT
UDP0096	CCTCCGTCCA	CACCGATGTG
UDP0097	TGCCGGTCAG	TTGTATCAGG
UDP0098	CACTCAATTC	CACAACTTAA
UDP0099	TCTCACACGC	TCACTGTCCG
UDP0100	TCAATGGAGA	GTTGTAGTGC
UDP0101	ATATGCATGT	CCAGGCACCA
UDP0102	ATGGCGCCTG	AGGCCGTGGA
UDP0103	TCCGTTATGT	TACACTACAA
UDP0104	GGTCTATTAA	CGTGTCGTGG
UDP0105	CAGCAATCGT	ATACATCACA
UDP0106	TTCTGTAGAA	TATTGCGCTC
UDP0107	GAACGCAATA	ACAGTAAGAT
UDP0108	AGTACTCATG	ACCACGACAT
UDP0109	GGTAGAATTA	TGATGGCTAC
UDP0110	TAATTAGCGT	TTCTTAACCA
UDP0111	ATTAACAAGG	ACGAACAACA
UDP0112	TGATGGCTAC	ATGTTGTTGG
UDP0113	GAATTACAAG	CTGAGCCGGT
UDP0114	TAGAATTGGA	TCAGATTAAC
UDP0115	AGGCAGCTCT	ACGTTAGCCG
UDP0116	ATCGGCGAAG	AATTCTTGGA
UDP0117	CCGTGACCGA	CAACGTTCGG
UDP0118	ATACTTGTTC	TCGGCGGTTA
UDP0119	TCCGCCAATT	CAGCACGGAG
UDP0120	AGGACAGGCC	AGCTGGAATG
UDP0121	AGAGAACCTA	TAGCATAACC
UDP0122	GATATTGTGT	ACCGTGTGGT
UDP0123	CGTACAGGAA	AGAGAACCTA
UDP0124	CTGCGTTACC	TCGAGCCATA
UDP0125	AGGCCGTGGA	AACGCACGAG
UDP0126	AGGAGGTATC	TGCCAACTGG
UDP0127	GCTGACGTTG	AATGCGAACA
UDP0128	CTAATAACCG	CGATGCGGTT
UDP0129	TCTAGGCGCG	TTAACCTTCG
UDP0130	ATAGCCAAGA	CAGTGGCACT
UDP0131	TTCGGTGTGA	ATACTTGTTC
UDP0132	ATGTAACGTT	CAGCAATCGT
UDP0133	AACGAGGCCG	ATCCAGGTAT
UDP0134	TGGTGTTATG	TAGAATTGGA
UDP0135	TGGCCTCTGT	CGCTGTCTCA
UDP0136	CCAGGCACCA	TAATTAGCGT
UDP0137	CCGGTTCCTA	CTCGAATATA
UDP0138	GGCCAATATT	TATCGGACCG
UDP0139	GAATACCTAT	ACTCTATTGT
UDP0140	TACGTGAAGG	CTAATAACCG
UDP0141	CTTATTGGCC	ACTTGTTATC
UDP0142	ACAACTACTG	TGTGATAACT
UDP0143	GTTGGATGAA	TTACCTGGAA
UDP0144	AATCCAATTG	CCTCTACATG
UDP0145	TATGATGGCC	TATGACAATC
UDP0146	CGCAGCAATT	ATAGCGGAAT
UDP0147	ACGTTCCTTA	CACAGCGGTC
UDP0148	CCGCGTATAG	CCGGTTCCTA
UDP0149	GATTCTGAAT	GTCCACCGCT
UDP0150	TAGAGAATAC	CGAATCTATA
UDP0151	TTGTATCAGG	TGGCCTCTGT
UDP0152	CACAGCGGTC	CAATAGGAAT
UDP0153	CCACGCTGAA	CTGAGGAATA
UDP0154	GTTCGGAGTT	TCAGAAGGCG
UDP0155	ATAGCGGAAT	TACTCTGCGC
UDP0156	GCAATATTCA	AATTGGCGCC
UDP0157	CTAGATTGCG	CGCCATATCT
UDP0158	CGATGCGGTT	ACCAAGCAGG
UDP0159	TCCGGACTAG	ATTGTTCGTC
UDP0160	GTGACGGAGC	TGGACCGCCA
UDP0161	AATTCCATCT	GTAACTGAAG
UDP0162	TTAACGGTGT	ACGGTCAGGA
UDP0163	ACTTGTTATC	TCTAGGCGCG
UDP0164	CGTGTACCAG	AACTTATCCT
UDP0165	TTAACCTTCG	TGTCTGGCCT
UDP0166	CATATGCGAT	CCGTTCAAGG
UDP0167	AGCCTATGAT	GTAGGTGGTG
UDP0168	TATGACAATC	ATACAAGCAA
UDP0169	ATGTTGTTGG	TCATAGATTG
UDP0170	GCACCACCAA	ATCAGTACCA
UDP0171	AGGCGTTCGC	GTTGGATGAA
UDP0172	CCTCCGGTTG	TGGTGTTATG
UDP0173	GTCCACCGCT	GCTAATAGGA
UDP0174	ATTGTTCGTC	AATCTAGAGA
UDP0175	GGACCAGTGG	TAGGCTCGCG
UDP0176	CCTTCTAACA	AGAGCTTATC
UDP0177	CTCGAATATA	TCGACATCTC
UDP0178	GATCGTCGCG	ACATATCCAG
UDP0179	TATCCGAGGC	CTTATTGGCC
UDP0180	CGCTGTCTCA	GGTGAGTAAT
UDP0181	AATGCGAACA	TCCGCCAATT
UDP0182	AATTCTTGGA	AAGTTGACAA
UDP0183	TTCCTACAGC	AGAATTCGCC
UDP0184	ATCCAGGTAT	GCTGACGTTG
UDP0185	ACGGTCCAAC	TGATGTAAGA
UDP0186	GTAACTTGGT	AGGTATGGCG
UDP0187	AGCGCCACAC	AAGACATTAG
UDP0188	TGCTACTGCC	CCTCCGGTTG
UDP0189	CAACACCGCA	TGCTACTGCC
UDP0190	CACCTTAATC	TCTATCCTAA
UDP0191	TTGAATGTTG	CTAGATTGCG
UDP0192	CCGGTAACAC	AGTACAACTC
